id,ime,priimek,mail
1,Fayina,Ruggs,fruggs0@163.com
2,Thornie,Champney,tchampney1@un.org
3,Reinhold,Simants,rsimants2@google.co.jp
4,Josephina,Petrolli,jpetrolli3@umn.edu
5,Bobbee,Durand,bdurand4@deliciousdays.com
6,Lonnard,Soal,lsoal5@tuttocitta.it
7,Waite,Mulryan,wmulryan6@narod.ru
8,Alaric,Abrahmovici,aabrahmovici7@list-manage.com
9,Silva,Fossord,sfossord8@uiuc.edu
10,Bryant,Scone,bscone9@businesswire.com
11,Salvidor,Chisman,schismana@statcounter.com
12,Blayne,Beart,bbeartb@sogou.com
13,Rossie,Godier,rgodierc@hibu.com
14,Florry,Drezzer,fdrezzerd@buzzfeed.com
15,Chantal,Liverseege,cliverseegee@google.fr
16,Kandace,Bulter,kbulterf@webs.com
17,Glenn,Keppin,gkepping@technorati.com
18,Basilius,Boolsen,bboolsenh@posterous.com
19,Mildred,Surgison,msurgisoni@cargocollective.com
20,Gertrudis,Dedrick,gdedrickj@walmart.com
21,Catharine,Nudds,cnuddsk@themeforest.net
22,Herta,Dooly,hdoolyl@ihg.com
23,Roarke,Vaines,rvainesm@cargocollective.com
24,Say,Readie,sreadien@dot.gov
25,Alta,Pudding,apuddingo@google.es
26,Danni,Garaghan,dgaraghanp@bing.com
27,Odessa,Rattry,orattryq@fastcompany.com
28,Jinny,Sedgwick,jsedgwickr@cdc.gov
29,Keeley,Olive,kolives@adobe.com
30,Constanta,Cough,ccought@globo.com
31,Aldo,Marr,amarru@cafepress.com
32,Kessia,Powis,kpowisv@stanford.edu
33,Orsola,Beaston,obeastonw@sciencedirect.com
34,Jamie,Keaysell,jkeaysellx@twitpic.com
35,Lianna,Allbrook,lallbrooky@newsvine.com
36,Sanders,Pogson,spogsonz@google.ca
37,Isabelle,Tompsett,itompsett10@yolasite.com
38,Sigismond,Munnion,smunnion11@cargocollective.com
39,Kerry,Mattin,kmattin12@cbc.ca
40,Dita,Sivills,dsivills13@go.com
41,Mariejeanne,Rosellini,mrosellini14@theglobeandmail.com
42,Grace,Annis,gannis15@baidu.com
43,Ancell,Zanitti,azanitti16@dot.gov
44,Saraann,Withull,swithull17@flickr.com
45,Charmaine,Wenham,cwenham18@clickbank.net
46,Margeaux,Sparrowhawk,msparrowhawk19@europa.eu
47,Griffin,Sproston,gsproston1a@instagram.com
48,Jeanine,Malster,jmalster1b@lulu.com
49,James,Gryglewski,jgryglewski1c@purevolume.com
50,Christye,Harlick,charlick1d@discuz.net
